cikkszam;Csoport nev
1000DREAMS
ALLEGRO
ALLEGRO
ALLEGRO
ALLEGRO
ALLEGRO
ALLEGRO
ALLEGRO
ALLEGRO
ALLEGRO
ALLEGRO
ALLEGRO
ALLEGRO
ALLEGRO
ALLEGRO
ALLEGRO
ALLEGRO
ALLEGRO
ALLEGRO
BANKHOLIDAY
BANKHOLIDAY
BARRÉ
BARRÉ
BARRÉ
BARRÉ
BARRÉ
BARRÉ
BARRÉ
BARRÉ
BARRÉ
BARRÉ
BARRÉ
BARRÉ
BARRÉ
BARRÉ
BARRÉ
BARRÉ
BARRÉ
BARRÉ
BARRÉ
BARRÉ
BARRÉ
BARRÉ
BARRÉ
BARRÉ
BARRÉ
BARRÉ
BARRÉ
BARRÉ
BARRÉ
BARRÉ
BARRÉ
BARRÉ
BARRÉ
BARRÉ
BARRÉ
BARRÉ
BARRÉ
BARRÉ
BARRÉ
BARRÉ
BARRÉ
BARRÉ
BASTIDON
BASTIDON
BASTIDON
BASTIDO
BASTIDON
BASTIDON
BASTIDON
BASTIDON
BASTIDON
BELL
BELL
BEVERLY
BIGTASTE
BIGTASTE
BIG
BIGFOOT
BIGFOOT
BIGFOOT
BINGO
BINGO
BINGO
BINGO
BINGO
BINGO
BONDIBEACH
BONDIBEACH
BOW
BOW
CHLOË
CHLOË
CITTADINO
CLUBMAN
COCOON
COCOON
COCOON
COCOON
CONTESS
CONTESS
CONTESS
CONTESS
COPPERFIELD
COPPERFIELD
COPPERFIELD
COPPERFIELD
COPPERFIELD
COPPERFIELD
COPPERFIELD
COPPERFIELD
COPPERFIELD
COPPERFIELD
COPPERFIELD
COPPERFIELD
COPPERFIELD
COPPERFIELD
COPPERFIELD
COPPERFIELD
COPPERFIELD
COPPERFIELD
COPPERFIELD
CORONA
DACAPO
DACAPO
DACAPO
DARWIN
DARWIN
DARWIN
DOC
DREAMLIGHT
DRIVE
DUC
DUC
DUC
DUC
DUC
DUC
DUCHESS
DUCHESS
DUCHESS
DUCHESS
DUCHESS
DUCHESSE
EMPRESS
EMPRESS
EMPRESS
EMPRESS
FENCE
FENCE
FENCE
FENCE
FENCE
GOA
GOA
GOA
GRANDDUC
GRANDDUC
GRANDDUC
GRANDDUC
GRANDDUC
GRANDDUC
GRANDDUC
GRANDDUC
GRANDDUC
GRANDDUC
GRANDDUC
GRANDDUC
GRANNY
HATARIPALACE
HEMINWAY
IN
IN
INDRA
INDUSTRY
JAZZ
JIVE
JIVE
LEANLISA
LIBARY
LILOU
LILOU
LILOU
LONDONCALLING
LONGWOODGARDEN
LONGWOODGARDEN
LOUISE
LOUISE
LOUISE
MANON
MANON
MANON
MIDDLETON
MIDDLETON
MIDDLETON
MIDDLETON
MIDDLETON
MIDDLETON
MIDDLETON
MONKEY
MONKEY
NAUTICO
NAUTICO
RELAX
RELAX
RELAX
RELAX
RELAX
RELAX
MARLENE
RICHARD
RICHMOND
RICHMOND
RITZ
RITZ
SATELLIGHT
SATELLIGHT
SIESTA
SIESTA
SIESTA
SIESTA
STEELLIFE
STEELLIFE
STEELLIFE
STEELLIFE
STEELLIFE
STEELLIFE
STEELLIFE
STEELLIFE
STEELLIFE
STEELLIFE
STEELLIFE
STEELLIFE
SUITE
SUITE
SUITE
SUITE
SUITE
SUITE
SUITE
CAMPAGNE
CAMPAGNE
CAMPAGNE
CAMPAGNE
CAMPAGNE
CANDELA
CANDELA
CANDELA
CANDELA
CARGO
CASSIDY
CASSIDY
CASSIDY
CASSIDY
CASSIDY
CASTAWAY
CASTAWAY
CASTAWAY
CHANDELER
CHANDER
CHANDLER
CHANDLER
CHANDLER
CHANDLER
CHANDLER
CHANDLER
CHANDLER
CHANDLER
CHANDLER
CHANDLER
CHANDLER
CHANDLER
CHANDLER
CHANDLER
CHANDLER
CHANDLER
COASTGUARD
COASTGUARD
DREAMVILLE
FONTAINE
FONTAINE
GANESHA
GOA
GREATBARRIER
GREATBARRIER
GREATBARRIER
GREATBARRIER
GREATBARRIER
GREATBASIN
HUDSON
HUDSON
HUDSON
HUDSON
JUNIORCOLLEGE
JUNIORCOLLEGE
JUNIORCOLLEGE
JUNIORCOLLEGE
JUNIORCOLLEGE
JUNIORCOLLEGE
JUNIORCOLLEGE
KELIM
KELIM
KELIM
KELIM
KHAN
KINGS
KINGS
KINGS
KINGS
KINGS
KINGS
KINGS
KINGS
KINGS
KINGS
KINGS
KINGS
MACSNACK
MALPENSA
MALPENSA
MALPENSA
MARBELLA
MARBELLA
MARBELLA
MELT
MELT
MELT
MIDDLET
MIDDLETO
MIDDLETON
MIDDLETON
MIDDLETON
MIDDLETON
MIDDLETON
MIDDLETON
MIDDLETON
MIDDLETON
MIDDLETON
MIDDLETON
MIDDLETON
MIDDLETON
MIDDLETON
MIDDLETON
MIDDLETON
MIDDLETON
MIDDLETON
MIDDLETON
MIDDLETON
MISSBRIDGES
MONROSE
MONROSE
OLDENGLAND
OLDENGLAND
OLDENGLAND
OLDENGLAND
OLDENGLAND
OLDENGLAND
OLDENGLAND
OLDENGLAND
OLDENGLAND
OLDENGLAND
OLDENGLAND
OLDENGLAND
ORIENTALLOUNGE
ORIENTALLOUNGE
PALAIS
PARLANDO
PARLANDO
PARLANDO
PARLANDO
PARLANDO
PARLANDO
PARLANDO
PARLANDO
PARLANDO
PARLANDO
PARLANDO
PARLANDO
PARLANDO
PARLANDO
PARLANDO
PARLANDO
PARLANDO
PARLANDO
PARLANDO
PARLANDO
PARLANDO
PARVATI
PLACETOBE
PLANKS
PLANKS
PLANKS
PLANKS
PLANKS
POINTER
PRINCESS
PRINCESS
PRINCESS
PRINCESS
PRINCESS
PRINCESS
RAJA
RISINGSUN
ROBINSON
SAMSON
SAMSON
SAMSON
SAMSON
SAMSON
SAMSON
SAMSON
SAMSON
SAMSON
SAMSON
SAMSON
SAMSON
SAPPHIRE
SERENADE
SERENADE
SERENADE
SERENADE
SERENADE
SERENADE
SERENADE
SERENADE
SERENADE
SERENADE
SERENADE
SERENADE
SHIPTOSHORE
SHIPTOSHORE
SHOWMEHEAVEN
SHOWMEHEAVEN
SHOWMEHEAVEN
SOMERSET
SOMERSET
SOMERSET
SOMERSET
SOMERSET
STRICTLYBALLROOM
STRICTLYBALLROOM
STRICTLYBALLROOM
STRINGENTO
STRINGENTO
STRINGENTO
STRINGENTO
STRINGENTO
STRINGENTO
STRINGENTO
STRINGENTO
STRINGENTO
STRINGENTO
STRINGENTO
STRINGENTO
STRINGENTO
STRINGENTO
STRINGENTO
STRINGENTO
STRINGENTO
STRINGENTO
STRINGENTO
STRINGENTO
STRINGENTO
STRINGENTO
STRINGENTO
STRINGENTO
STRINGENTO
STRINGENTO
STRINGENTO
STRINGENTO
STRINGENTO
STRINGENTO
STRINGENTO
STRINGENTO
STRINGENTO
STRINGENTO
STRINGENTO
STRINGENTO
SUITE
SUITE
SUITE
SUITE
SUITE
SUITE
SUITE
SUITE
SUITE
SUITE
SUITE
SUITE
SUITE
SUITE
SUITE
SUITE
SUITE
SUITE
SUITE
SUITE
SUITE
SWANLAKE
SYLT
SYLT
SYLT
TANDOORI
TANDOORI
