Artikel;Bontext_German
10195158;1000 DREAMS metal-bed white 90x200
10198808;ALLEGRO Armchair 1,5 Seats Anthracite
10198809;ALLEGRO Armchair 1,5 Seats Berry
10198807;ALLEGRO Armchair 1,5 Seats Creme
10199056;ALLEGRO Armchair 1,5 Seats Red
10198810;ALLEGRO Armchair 1,5 Seats Dark Brown
10198806;ALLEGRO Armchair 1,5 Seats
10198600;ALLEGRO Sofa 2 Seats Anthracite
10198601;ALLEGRO Sofa 2 Seats Berry
10198599;ALLEGRO Sofa 2 Seats Creme
10199055;ALLEGRO Sofa 2 Seats Red
10198602;ALLEGRO Sofa 2 Seats Dark Brown
10198598;ALLEGRO Sofa 2 Seats Taupe
10198595;ALLEGRO Sofa 3 Seats Anthracite
10198596;ALLEGRO Sofa 3 Seats Berry
10198594;ALLEGRO Sofa 3 Seats Creme
10199054;ALLEGRO Sofa 3 Seats Red
10198597;ALLEGRO Sofa 3 Seats Dark Brown
10198593;ALLEGRO Sofa 3 Seats Taupe
10196782;BANK HOLIDAY bench for 2 persons
10196783;BANK HOLIDAY bench for 3 persons
10198752;BARRÉ Armchair Anthracite
10198753;BARRÉ Armchair Berry
10198751;BARRÉ Armchair Creme
10199044;BARRÉ Armchair Red
10198754;BARRÉ Armchair Dark Brown
10198750;BARRÉ Armchair Taupe
10198747;BARRÉ Sofa 2 Seats Anthracite
10198748;BARRÉ Sofa 2 Seats Berry
10198746;BARRÉ Sofa 2 Seats Creme
10199043;BARRÉ Sofa 2 Seats Red
10198749;BARRÉ Sofa 2 Seats Dark Brown
10198745;BARRÉ Sofa 2,5 Seats Taupe
10198742;BARRÉ Sofa 2,5 Seats Anthracite
10198743;BARRÉ Sofa 2,5 Seats Berry
10198741;BARRÉ Sofa 2,5 Seats Creme
10199042;BARRÉ Sofa 2,5 Seats Red
10198744;BARRÉ Sofa 2,5 Seats Dark Brown
10198740;BARRÉ Sofa 2,5 Seats Taupe
10198737;BARRÉ Sofa 3 Seats Anthracite
10198763;BARRÉ Sofa 2,5 Seats + Longchair Left
10198764;BARRÉ Sofa 2,5 Seats + Longchair Left
10198762;BARRÉ Sofa 2,5 Seats + Longchair Left
10199046;BARRÉ Sofa 2,5 Seats + Longchair Left
10198765;BARRÉ Sofa 2,5 Seats + Longchair Left
10198760;BARRÉ Sofa 2,5 Seats + Longchair Left
10198738;BARRÉ Sofa 3 Seats Berry
10198757;BARRÉ Sofa 2,5 Seats + Longchair Right
10198758;BARRÉ Sofa 2,5 Seats + Longchair Right
10198756;BARRÉ Sofa 2,5 Seats + Longchair Right
10199045;BARRÉ Sofa 2,5 Seats + Longchair Right
10198759;BARRÉ sofa 2,5 Seater + stool right
10198755;BARRÉ Sofa 2,5 seater + stool right
10198736;BARRÉ Sofa 3 Seats Creme
10199041;BARRÉ Sofa 3 seater
10198739;BARRÉ Sofa 3 Seats Dark Brown
10198735;BARRÉ Sofa 3 Seats Taupe
10198768;BARRÉ Stool Anthracite
10198769;BARRÉ Stool Berry
10198767;BARRÉ Stool Creme
10199047;BARRÉ Stool Red
10198770;BARRÉ Stool Dark Brown
10198766;BARRÉ Stool Taupe
10198926;BASTIDON Table Creme Brown 160x90
10198927;BASTIDON Table Creme Brown 180x90
10198998;BASTIDON Table Creme Brown 200x100
10198997;BASTIDO Sofatable Creme Brown
10198928;BASTIDON Table Creme Brown
10198929;BASTIDON Console Table Creme
10198931;BASTIDON Chair Creme
10198930;BASTIDON Buffet Cabinet 2 Doors
10198925;BASTIDON Buffet Cabinet 3 Doors
10198548;BELL ceiling light
10198547;BELL Ceiling Light
10199140;Arch Ceiling Light
10198549;Arch Ceiling Light
10191105;BEVERLY Desk 108x60x112cm
10195166;BIG TASTE decor. spoon stainless steel
10195163;BIG TASTE decor. knife stainless steel
10195161;BIG TASTEdecoration fork stainless steel
10197220;BIGFOOT bench white
10197219;BIGFOOT bench natural colour
10197217;BIGFOOT chair with foot rest, natural co
10196757;BINGO children's table orange
10196756;BINGO children's table turquoise
10196755;BINGO children's table green
10196754;BINGO children's chair orange
10196753;BINGO children's chair turquoise
10196752;BINGO children's chair green
10199598;BONDI BEACH bamboo relax chair blue
10199600;BONDI BEACH bamboo relax chair orange
10198983;BOW Floor Lamp
10198982;BOW Floor Lamp
10198692;CHLOË Chair Beige
10198990;CHLOË Chair Grey
10198467;CITTADINO Lamp
10198886;CLUBMAN Armchair Leather Cognac
10199071;COCOON Pouf anthracite
10197440;COCOON Pouf black
10199073;COCOON Pouf taupe
10199070;COCOON Pouf offwhite
10198672;CONTESS Chair Berry
10198669;CONTESS Chair Creme
10199029;CONTESS Chair Red
10198673;CONTESS Chair Dark Brown
10198915;COPPERFIELD Cover Stamps
10198908;COPPERFIELD Cover Stripes Beige White
10198911;COPPERFIELD Cover Stripes Red White
10198905;COPPERFIELD Cover Stripes Grey White
10198914;COPPERFIELD Cover White Red
10198916;COPPERFIELD Cover Globe
10198913;COPPERFIELD Cover Blue White
10198901;COPPERFIELD Cover Checkered Blue White
10198910;COPPERFIELD Cover Checkered Blue White
10198900;COPPERFIELD Cover Checkered Red White
10198909;COPPERFIELD Cover Checkered Red White
10198907;COPPERFIELD Cover Checkered Mix
10198897;COPPERFIELD Chair Creme
10198903;COPPERFIELD Cover Leopard
10198918;COPPERFIELD Cover RosesGrey
10198919;COPPERFIELD Cover Roses Light Grey
10198917;COPPERFIELD Husse Sailing Boat
10198906;COPPERFIELD Cover City Map
10198902;COPPERFIELD Cover Zebra
10199238;CORONA Hängeleuchte
10198894;DA CAPO Sofa 2,5 Seats Velvet Blue
10198895;DA CAPO Sofa 2,5 Seats Velvet Red
10198896;DA CAPO Sofa 2,5 Seats Velvet Grey
10198657;DARWIN Armchair Leopard
10198661;DARWIN Armchair Red
10198658;DARWIN Armchair Zebra
10198999;DOC Folding Table White
10188960;DREAMLIGHT Spinning lamp Pirates UK
10195044;DRIVE floor lamp ?16cm, H160cm
10198686;DUC Armchair Anthracite
10198687;DUC Armchair Dark Red
10198685;DUC Armchair Creme
10199033;DUC Armchair Red
10198564;DUC Armchair Dark Brown
10198684;DUC Armchair Taupe
10198681;DUCHESS Chair Anthracite
10198682;DUCHESS Armchair Berry
10198680;DUCHESS Armchair Creme
10199032;DUCHESS Armchair Red
10198683;DUCHESS Armchair Dark Brown
10198679;DUCHESSE Armchair Taupe
10198666;EMPRESS Wing Chair Berry
10198664;EMPRESS Wing Chair Creme
10199028;EMPRESS Wing Chair Red
10198663;EMPRESS Wing Chair Taupe
10198441;FENCE Wall table white
10198440;FENCE Wall table black
10198444;FENCE Wall table blue
10198443;FENCE Wall table red
10198442;FENCE Wall table yellow
10198418;GOA Mirror
10198419;GOA Mirror
10194357;GOA console table green 120x35x79cm
10198676;GRAND DUC Armchair Anthracite
10198677;GRAND DUC Armchair Berry
10198675;GRAND DUC Armchair Creme
10199030;GRAND DUC Chair red
10198678;GRAND DUC Armchair Dark Brown
10198674;GRAND DUC Armchair Taupe
10198850;GRAND DUC Stool Anthracite
10198851;GRAND DUC Stool Berry
10198849;GRAND DUC Stool Creme
10199063;GRAND DUC Stool Red
10198852;GRAND DUC Stool Dark Brown
10198848;GRAND DUC Stool Taupe
10196741;GRANNY side table grey
10194433;HATARI PALACE sideboard w. 4 drawers
10194284;HEMINWAY Jewellry cabinet 83x44x121cm
10196742;IN & OUT side table brown
10196740;IN & OUT side table black
10194328;INDRA decoration peafowl iron 51x21x71cm
10199241;INDUSTRY Hängeleuchte
10198551;JAZZ Chair pink
10198361;JIVE Chair beige
10198360;JIVE Chair violett
10195239;LEAN LISA wall shelf white 36,5x32x180
10199219;Libra Tischleuchte
10198920;LIBARY Bookshelf
10198565;LILOU Chair Beige
10198566;LILOU Chair Sand
10198567;LILOU Chair Grey
10198465;LONDON CALLING CD-Cabinet
10196786;LONGWOOD GARDEN bench brown
10196785;LONGWOOD GARDEN bench blue
10198696;LOUISE Armchair Beige
10198697;LOUISE Armchair Sand
10198698;LOUISE Armchair Grey
10198689;MANON Chair Beige
10198690;MANON Chair Sand
10198691;MANON Chair Grey
10198732;MIDDLETON Stool Anthracite
10198715;MIDDLETON Stool Stipes cream beige
10198733;MIDDLETON Stool Berry
10198731;MIDDLETON Stool Creme
10199040;MIDDLETON Stool Red
10198734;MIDDLETON Stool Dark Brown
10198730;MIDDLETON Stool Taupe
10196734;MONKEY hanging seat blue-white striped
10196733;MONKEY hanging seat creme
10199240;NAUTICO Hängeleuchte
10199239;NAUTICO Hängeleuchte
10197395;RELAX hammock in bag
10197391;RELAX hammock in bag
10197397;RELAX hammock in bag
10197398;RELAX hammock in bag
10197394;RELAX hammock in bag
10197396;RELAX hammock in bag
10195388;MARLENE tripod lamp H184cm
10193916;RICHARD dining table 200x100x78cm
10198413;RICHMOND table
10198412;RICHMOND bench
10198932;RITZ Table White Brown 240x78
10199162;RITZ Sofatable
10198987;SATELLIGHT Pendent Lamp
10198986;SATELLIGHT Pendent Lamp
10196701;SIESTA Sunshade beige ?3m
10196704;SIESTA Sunshade blue ?3m
10196702;SIESTA Sunshade lime ?3m
10196703;SIESTA Sunshade red ?3m
10198457;STEEL LIFE Stool white
10198453;STEEL LIFE Stool black
10198458;STEEL LIFE Stool pink
10198454;STEEL LIFE Stool red
10198455;STEEL LIFE Stool dark grey
10198456;STEEL LIFE Stool light grey
10198541;STEEL LIFE Stool green
10198459;STEEL LIFE Chair black
10198464;STEEL LIFE Chair pink
10198460;STEEL LIFE Chair red
10198462;STEEL LIFE Chair light grey
10198542;STEEL LIFE Chair green
10198841;SUITE Stool Anthracite
10198842;SUITE Stool Berry
10198844;SUITE Stool Blue
10198840;SUITE Stool Creme
10199062;SUITE Stool Red
10198843;SUITE Stool Dark Brown
10198839;SUITE Stool Taupe
10190090;CAMPAGNE Bed 100x200cm
10190091;CAMPAGNE Bed 180x200cm
10198451;CAMPAGNE China cabinet in two parts
10198450;CAMPAGNE Corner cupboard
10191020;CAMPAGNE wardrobe 83x62,5x214,5cm kd
10199226;CANDELA Hängeleuchte
10199231;CANDELA Hängeleuchte
10199224;CANDELA Hängeleuchte
10199227;CANDELA Hängeleuchte
10195372;CARGO cabinet 60x40xH100cm
10198890;CASSIDY Armchair Cord Anthracite
10198892;CASSIDY Armchair Cord Beige
10198891;CASSIDY Armchair Cord Dark Brown
10198884;CASSIDY Armchair Leather Cognac
10198893;CASSIDY chair
10196772;CAST AWAY bench
10196771;CAST AWAY boat bench
10196773;CAST AWAY couch table
10198649;CHANDELER Wing Chair Sailboat
10198648;CHANDER Wing Chair Roses Light Grey
10198654;CHANDLER Wing Chair Anthracite
10198655;CHANDLER Wing Chair Berry
10198638;CHANDLER Wing Chair Checked Blue White
10198640;CHANDLER Wing Chair Checked Red White
10198653;CHANDLER Wing Chair Creme
10198656;CHANDLER Wing Chair Dark Brown
10198647;CHANDLER Wing Chair Globe
10198645;CHANDLER Wing Chair Horseman
10198643;CHANDLER Wing Chair Leopard
10198639;CHANDLER Wing Chair Library
10199027;CHANDLER Wing Chair Red
10198650;CHANDLER Wing Chair Stripes Blue Creme
10198646;CHANDLER Wing Chair Stripes cream, beige
10198651;CHANDLER Wing Chair Stripes Red Creme
10198652;CHANDLER Wing Chair Taupe
10198644;CHANDLER Wing Chair Zebra
10199584;COAST GUARD bamboo beach chair natúr
10199585;COAST GUARD bamboo beach chair white
10191220;DREAMVILLE Bed 140x200cm slatted bed fr.
10195510;FONTAINE Bathtub fitting
10195508;FONTAINE sink fitting chrome
10194303;GANESHA cabinet Elephant-paint 90x45x150
10194307;GOA candleholder whitened 21x15x40,5cm
10194977;GREAT BARRIER cabinet 122x54x180,5
10194978;GREAT BARRIER floor cabinet w.waschbasin
10194975;GREAT BARRIER floor cupboard w. fridge
10194976;GREAT BARRIER tall cupboard w. fridge
10194974;GREAT BARRIER wall cupboard w. fridge
10194302;GREAT BASIN firebowl W76cm, ?70cm, H62cm
10198887;HUDSON Chair Cord Anthracite
10198889;HUDSON Chair Cord Beige
10198888;HUDSON Chair Cord Dark Brown
10198885;HUDSON Chair Leather Cognac
10195123;JUNIOR COLLEGE bed drawer 2pcs grey
10195116;JUNIOR COLLEGE bed grey incl. rolling sl
10195140;JUNIOR COLLEGE bedside cabinet grey
10195100;JUNIOR COLLEGE daybed white 90x200cm
10195130;JUNIOR COLLEGE desk grey 141x60x74
10195094;JUNIOR COLLEGE locker 3-doors white
10195149;JUNIOR COLLEGE wardrobe grey 111x55x200
10198591;KELIM Armchair Red Orang
10198590;KELIM Sofa 2 Seats Red Orange
10198589;KELIM Sofa 3 Seats Red Orange
10198592;KELIM Stool Red Orange
10194304;KHAN couchtable w. printblocks121x70x40
10199250;KINGS & QUEENS Boxspring Bed Anthracite
10198633;KINGS & QUEENS Boxspring Bed Anthracite
10198630;KINGS & QUEENS Boxspring Bed Anthracite
10199247;KINGS & QUEENS Boxspring Bed Anthracite
10199248;KINGS & QUEENS Boxspring Bed beige
10199245;KINGS & QUEENS Boxspring Bed beige
10198631;KINGS & QUEENS Boxspring Bed Creme
10198628;KINGS & QUEENS Boxspring Bed Creme
10198632;KINGS & QUEENS Boxspring Bed Darkbrown
10199249;KINGS & QUEENS Boxspring Bed Darkbrown
10198629;KINGS & QUEENS Boxspring Bed Darkbrown
10199246;KINGS & QUEENS Boxspring Bed Darkbrown
10196767;MAC SNACK children's table and bench
10198399;MALPENSA cabinet
10198400;MALPENSA cabinet with orange pattern
10198398;MALPENSA sideboard
10199536;MARBELLA armchair white
10199537;MARBELLA sofa white
10199538;MARBELLA table with glass plate
10199234;MELT Hängeleuchte
10199232;MELT Hängeleuchte
10199236;MELT Hängeleuchte
10198713;MIDDLET Sofa 3 Seats Stipes cream beige
10198712;MIDDLETO Sofa 3 Seats Stipes cream beige
10198727;MIDDLETON Armchair
10198728;MIDDLETON Armchair Anthracite
10198989;MIDDLETON Armchair Berry
10198729;MIDDLETON Armchair Dark Brown
10199039;MIDDLETON Armchair Red
10198714;MIDDLETON Armchair Stipes cream beige
10198726;MIDDLETON Armchair Taupe
10198723;MIDDLETON Sofa 2 Seats Anthracite
10198724;MIDDLETON Sofa 2 Seats Berry
10198725;MIDDLETON Sofa 2 Seats Dark Brown
10199038;MIDDLETON Sofa 2 Seats Red Couch
10198718;MIDDLETON Sofa 3 Seats Anthracite
10198719;MIDDLETON Sofa 3 Seats Berry
10198722;MIDDLETON Sofa 3 Seats Creme
10198717;MIDDLETON Sofa 3 Seats Creme
10198720;MIDDLETON Sofa 3 Seats Dark Brown
10199037;MIDDLETON Sofa 3 Seats Red
10198721;MIDDLETON Sofa 3 Seats Taupe
10198716;MIDDLETON Sofa 3 Seats Taupe
10198448;MISS BRIDGES buffet 2 pcs
10198415;MONROSE corner cupboard
10198402;MONROSE kitchen block white
10198874;OLD ENGLAND Armchai Velvet Grey
10198873;OLD ENGLAND Armchai Velvet Red
10198872;OLD ENGLAND Armchair Velvet Blue
10198606;OLD ENGLAND Sofa 2 Seats Velvet Blue
10198608;OLD ENGLAND Sofa 2 Seats Velvet Grey
10198607;OLD ENGLAND Sofa 2 Seats Velvet Red
10198603;OLD ENGLAND Sofa 2,5 Seats Velvet Blue
10198605;OLD ENGLAND Sofa 2,5 Seats Velvet Grey
10198604;OLD ENGLAND Sofa 2,5 Seats Velvet Red
10198869;OLD ENGLAND Sofa 3 Seats Velvet Blue
10198871;OLD ENGLAND Sofa 3 Seats Velvet Grey
10198870;OLD ENGLAND Sofa 3 Seats Velvet Red
10196768;ORIENTAL LOUNGE sunshade cream
10196769;ORIENTAL LOUNGE sunshade turquoise
10196763;PALAIS pavilion
10198771;PARLANDO Armchair
10198773;PARLANDO Armchair
10198774;PARLANDO Armchair Berry
10198772;PARLANDO Armchair Creme
10198775;PARLANDO Armchair Dark Brown
10199036;PARLANDO Armchair Red
10199467;PARLANDO Armchair Stripes cream beige
10198585;PARLANDO Sofa 2 Seats Anthracite
10198586;PARLANDO Sofa 2 Seats Berry
10198584;PARLANDO Sofa 2 Seats Creme
10198587;PARLANDO Sofa 2 Seats Dark Brown
10199035;PARLANDO Sofa 2 Seats Red
10198588;PARLANDO Sofa 2 Seats Stripes cream beig
10198583;PARLANDO Sofa 2 Seats Taupe
10198579;PARLANDO Sofa 3 Seats Anthracite
10198580;PARLANDO Sofa 3 Seats Berry
10198578;PARLANDO Sofa 3 Seats Creme
10198581;PARLANDO Sofa 3 Seats Dark Brown
10199034;PARLANDO Sofa 3 Seats Red
10198582;PARLANDO Sofa 3 Seats Stripes cream beig
10198577;PARLANDO Sofa 3 Seats Taupe
10194308;PARVATI cabinet red carved 90x43x149
10196764;PLACE TO BE lounge set
10194688;PLANKS console table W120xD35xH76cm
10194361;PLANKS couch table w. wheels 120x70x45cm
10194430;PLANKS side table green w. wheels
10194687;PLANKS table W100xD60xH40cm
10194686;PLANKS table W135xD70xH45cm
10199220;POINTER Stehleuchte
10199253;PRINCESS complete bed anthracite
10199251;PRINCESS complete bed creme
10199252;PRINCESS complete bed darkbrown
10198636;PRINCESS completebed anthracite
10198635;PRINCESS completebed beige
10198634;PRINCESS completebed darkbrown
10194427;RAJA shelf 122x40x190cm
10193920;RISING SUN Sideboard white 139x45x86
10198420;ROBINSON Sideboard
10198576;SAMSON Armchair leather Black
10198575;SAMSON Armchair leather Dark Brown
10198574;SAMSON Armchair leather Light Brown
10198573;SAMSON Sofa 2,5 Seats leather Black
10198572;SAMSON Sofa 2,5 Seats leather Dark Brown
10198571;SAMSON Sofa 2,5 Seats leather Light Brow
10198570;SAMSON Sofa 3 Seats leather Black
10198569;SAMSON Sofa 3 Seats leather Dark Brown
10198568;SAMSON Sofa 3 Seats leather light brown
10198699;SAMSON Stool leather Black
10198991;SAMSON Stool leather Dark Brown
10198694;SAMSON Stool leather Light Brown
10194432;SAPPHIRE cabinet 90x50x180cm
10198818;SERENADE Armchair Anthracite
10198819;SERENADE Armchair Berry
10198817;SERENADE Armchair Creme
10198820;SERENADE Armchair Dark Brown
10199058;SERENADE Armchair Red
10198816;SERENADE Armchair Taupe
10198813;SERENADE Sofa 3 Seats Anthracite
10198814;SERENADE Sofa 3 Seats Berry
10198812;SERENADE Sofa 3 Seats Creme
10198815;SERENADE Sofa 3 Seats Dark Brown
10199057;SERENADE Sofa 3 Seats Red
10198811;SERENADE Sofa 3 Seats Taupe
10198416;SHIP TO SHORE Cupboard
10194439;SHIP TO SHORE side table 46x38x58cm
10196737;SHOW ME HEAVEN fixture f. hammock
10196735;SHOW ME HEAVEN hammock b-white striped
10196736;SHOW ME HEAVEN hammock b-white striped
10199567;SOMERSET deck chair with stool
10199565;SOMERSET folding bench
10199558;SOMERSET rectangular foldable table
10199566;SOMERSET sun lounger with table
10199556;SOMERSET tree bench brown
10195045;STRICTLY BALLROOM chandelier 100x45x55cm
10198544;STRICTLY BALLROOM Chandeliers 3-arms
10198543;STRICTLY BALLROOM Chandlelier 8-arms
10198793;STRINGENTO Corner Sofa Anthracite
10198798;STRINGENTO Corner Sofa Anthracite L
10198797;STRINGENTO Corner Sofa Creme L
10198792;STRINGENTO Corner Sofa Creme R
10198800;STRINGENTO Corner Sofa Dark Brown
10198795;STRINGENTO Corner Sofa Dark Brown R
10198799;STRINGENTO Corner Sofa L. Berry
10198794;STRINGENTO Corner Sofa R. Berry
10199052;STRINGENTO Corner Sofa Red L
10199051;STRINGENTO Corner Sofa Red R
10198796;STRINGENTO Corner Sofa Taupe L
10198791;STRINGENTO Corner Sofa Taupe R
10198788;STRINGENTO Sofa 2,5 Seats Anthracite
10198789;STRINGENTO Sofa 2,5 Seats Berry
10198787;STRINGENTO Sofa 2,5 Seats Creme
10198790;STRINGENTO Sofa 2,5 Seats Dark Brown
10199050;STRINGENTO Sofa 2,5 Seats Red
10198786;STRINGENTO Sofa 2,5 Seats Taupe
10198784;STRINGENTO Sofa 3 Seats Berry
10198782;STRINGENTO Sofa 3 Seats Creme
10198785;STRINGENTO Sofa 3 Seats Dark Brown
10199049;STRINGENTO Sofa 3 Seats Red
10198781;STRINGENTO Sofa 3 Seats Taupe
10198783;STRINGENTO Sofa 3Seats Anthracite
10198778;STRINGENTO Sofa 4 Seats Anthracite
10198779;STRINGENTO Sofa 4 Seats Berry
10198777;STRINGENTO Sofa 4 Seats Creme
10198780;STRINGENTO Sofa 4 Seats Dark Brown
10199048;STRINGENTO Sofa 4 Seats Red
10198776;STRINGENTO Sofa 4 Seats Taupe
10198803;STRINGENTO Stool Anthracite
10198804;STRINGENTO Stool Berry
10198802;STRINGENTO Stool Creme
10198805;STRINGENTO Stool Dark Brown
10199053;STRINGENTO Stool Red
10198801;STRINGENTO Stool Taupe
10198835;SUITE Armchair Anthracite
10198836;SUITE Armchair Berry
10198838;SUITE Armchair Blue
10198834;SUITE Armchair Creme
10198837;SUITE Armchair Dark Brown
10199061;SUITE Armchair Red
10198833;SUITE Armchair Taupe
10198829;SUITE Sofa 2 Seats Anthracite
10198830;SUITE Sofa 2 Seats Berry
10198832;SUITE Sofa 2 Seats Blue
10198828;SUITE Sofa 2 Seats Creme
10199060;SUITE Sofa 2 Seats Red
10198827;SUITE Sofa 2 Seats Taupe
10198831;SUITE Sofa 2 Seats Dark Brown
10198823;SUITE Sofa 2,5 Seats Anthracite
10198824;SUITE Sofa 2,5 Seats Berry
10198826;SUITE Sofa 2,5 Seats Blue
10198822;SUITE Sofa 2,5 Seats Creme
10198825;SUITE Sofa 2,5 Seats Dark Brown
10199059;SUITE Sofa 2,5 Seats Red
10198821;SUITE Sofa 2,5 Seats Taupe
10190920;SWAN LAKE double wash basin w. 2 shelves
10196296;SYLT Beech chair (Knock down)
10197070;SYLT Beech chair ready assembled
10192843;SYLT cover f. beach chair grey
10194322;TANDOORI cabinet d'brown 90x45x180cm
10194312;TANDOORI cabinet whitened 90x45x180cm
